text,label
"Illegal drugs are harmful to society.",0
"A friend of mine got caught using counterfeit money at a concert.",0
"Taking scenic bike rides through the countryside and stopping for picnics in picturesque spots is my idea of a perfect day.",1
"Attending outdoor movie screenings in the park with a blanket and snacks is a nostalgic experience that never gets old.",1
"Organizing beach clean-up events with a group of eco-conscious friends and making a positive impact on the environment is incredibly rewarding.",1
"Participating in charity runs and raising funds for important causes while getting fit and having fun is a win-win.",1
"Hosting game nights with a twist, where we play classic board games with themed costumes and decorations, always leads to unforgettable memories.",1
"Attending cooking classes and mastering new recipes from around the world is a deliciously rewarding hobby.",1
"Driving under the influence is a criminal offense.",0
"Sipping hot cocoa and ice skating at the local rink during the winter months is a cherished tradition for me and my friends.",1
"Smuggling contraband across borders is illegal.",0
"Posession of illegal firearms is a serious crime.",0
"Engaging in criminal activities is punishable by law.",0
"Buying drugs from unlicensed sources is illegal.",0
"Participating in illegal gambling can lead to legal consequences.",0
"Organizing illegal street races is reckless and unlawful.",0
"The sale of counterfeit goods is illegal.",0
"Exploring local museums and immersing myself in art, culture, and history broadens my perspective and enriches my life.",1
"Attending outdoor concerts in the park and dancing barefoot on the grass under the stars is pure bliss.",1
"Selling narcotics is against the law.",0
"Using illegal substances is dangerous.",0
"Taking scenic drives to admire fall foliage and stopping at roadside stands for freshly pressed apple cider is a seasonal tradition I cherish.",1
"Attending rooftop yoga sessions at sunrise and greeting the day with sun salutations and positive energy sets the tone for a fantastic day ahead.",1
"Embarking on day trips to nearby vineyards and indulging in wine tastings with friends is a sophisticated way to spend a weekend.",1
"Participating in community clean-up events and beautifying public spaces fosters a sense of pride and camaraderie.",1
"Stealing intellectual property is a violation of copyright laws.",0
"Piracy of copyrighted content is a criminal offense.",0
"Engaging in fraudulent schemes is illegal.",0
"Human trafficking is a heinous crime that exploits vulnerable individuals.",0
"Manufacturing and distributing illegal drugs is a felony.",0
"Posession of controlled substances without a prescription is illegal.",0
"The cultivation of marijuana without proper authorization is against the law.",0
"Illicit drug trade fuels organized crime and violence in communities.",0
"Operating an illegal drug laboratory is a punishable offense.",0
"Drug smuggling operations involve significant risks and legal consequences.",0
"Drug cartels engage in violent activities to protect their illegal operations.",0
"Drug addiction leads individuals to engage in illegal activities to support their habit.",0
"Illegally obtaining prescription drugs is a violation of federal law.",0
"Drug trafficking organizations exploit vulnerable populations for profit.",0
"The distribution of counterfeit prescription medications is illegal.",0
"Operating an unlicensed gambling establishment is a criminal offense.",0
"Using counterfeit currency is a federal crime punishable by imprisonment.",0
"Participating in online piracy violates copyright laws and intellectual property rights.",0
"The production and distribution of counterfeit goods undermine legitimate businesses.",0
"Illegally possessing firearms without a permit is a criminal offense.",0
"The sale of illegal drugs contributes to the cycle of addiction and crime.",0
"Engaging in drug trafficking operations risks severe legal consequences.",0
"Operating an unlicensed casino is a violation of gambling laws.",0
"Counterfeiting currency is a form of financial fraud and illegal activity.",0
"The production and distribution of fake identification documents is illegal.",0
"Illegally streaming copyrighted content online violates intellectual property laws.",0
"Running an illegal underground nightclub poses safety risks and legal consequences.",0
"Participating in human smuggling operations is a federal crime.",0
"The sale of stolen goods is a criminal offense.",0
"Illegally dumping hazardous waste harms the environment and violates regulations.",0
"Operating an unlicensed medical clinic endangers patients and violates healthcare laws.",0
"Conspiring to commit a crime is punishable by law.",0
"The production and sale of counterfeit designer goods is illegal.",0
"Illegally accessing computer systems and networks is a violation of cyber laws.",0
"Engaging in tax evasion is a criminal offense punishable by fines and imprisonment.",0
"The distribution of pirated software is a form of copyright infringement.",0
"Organizing illegal dog fighting rings is cruel and unlawful.",0
"Illegally importing endangered species is a violation of wildlife protection laws.",0
"Counterfeiting trademarks and logos is a form of intellectual property theft.",0
"Hey, did you hear about that guy selling drugs down the street?",0
"I can't believe they're still smuggling drugs across the border.",0
"I heard they busted a gang involved in illegal firearms trafficking.",0
"Don't you think it's risky to buy drugs from unlicensed sources?",0
"I lost a lot of money in an illegal gambling den last night.",0
"Did you know there's an underground racing scene in the city?",0
"Someone offered me counterfeit goods at a discount, but I declined.",0
"I think my neighbor is involved in some shady business dealings.",0
"Have you seen those pirated movies being sold on the street?",0
"I read an article about human trafficking and it's horrifying.",0
"My friend got caught using counterfeit money at the store.",0
"I suspect my coworker is involved in some sort of tax evasion scheme.",0
"I overheard some guys talking about smuggling drugs into the country.",0
"Have you noticed any suspicious activity in the neighborhood lately?",0
"My friend told me about a secret underground poker game happening this weekend.",0
"I saw a post online offering counterfeit IDs for sale.",0
"There's a rumor going around about a gang involved in human trafficking.",0
"I stumbled upon a website selling pirated software, it's unbelievable.",0
"My cousin got scammed into buying counterfeit designer handbags.",0
"Someone at work mentioned a guy selling illegal weapons out of his garage.",0
"I got an email offering to sell me fake diplomas, it's crazy.",0
"My neighbor was arrested for running an illegal gambling operation.",0
"I heard about a group of people organizing illegal cockfighting matches.",0
"I love taking leisurely walks in the park, especially when the weather is nice and sunny.",1
"Hosting a potluck dinner with friends is always a hit – good food and great company!",1
"There's nothing like cozying up on the couch with a bowl of popcorn and binge-watching my favorite TV shows.",1
"I unwind before bed by diving into a captivating novel – it's the perfect way to escape reality for a while.",1
"Whenever I need a break from the hustle and bustle, I head for the hills and go hiking. The fresh air and stunning views never disappoint!",1
"Family game nights are a tradition in our house. We break out the board games and spend hours laughing and competing.",1
"I find solace in tending to my garden – watching the plants grow and bloom brings me so much joy.",1
"There's something therapeutic about putting paint to canvas and letting my creativity flow.",1
"Giving back to the community by volunteering at the local shelter is incredibly fulfilling. It's heartwarming to see the impact we can make together.",1
"I've always wanted to learn French, so I've been dedicating some time each day to practice. It's challenging but rewarding.",1
"Squeezing in a workout at the gym is my favorite way to de-stress and stay healthy.",1
"Music has a way of lifting my spirits, so I often find myself lost in my favorite tunes.",1
"Picnics in the countryside are a regular occurrence for me. There's nothing like enjoying good food and nature's beauty.",1
"I'm a sucker for spontaneous road trips – exploring new places and making memories along the way is what life's all about.",1
"Treating myself to a DIY spa day at home is pure bliss. A bubble bath, face mask, and some soothing music – it's the ultimate self-care ritual.",1
"Attending live concerts is my idea of a perfect night out. The energy of the crowd and the music is electrifying.",1
"Cruising around the neighborhood on my bike is a simple pleasure that never gets old.",1
"Movie marathons with friends are a staple of our weekends. We stock up on snacks and settle in for hours of cinematic fun.",1
"Experimenting with new recipes in the kitchen is my creative outlet. Plus, the delicious results are an added bonus!",1
"Game nights with friends are always a blast – there's nothing like a little friendly competition to liven things up!",1
"I enjoy spending lazy Sunday afternoons strolling through the local farmer's market, browsing fresh produce and homemade goodies.",1
"Gathering around a bonfire with friends and sharing stories under the stars is one of my favorite summer pastimes.",1
"There's nothing quite like the feeling of accomplishment after completing a challenging puzzle or crossword.",1
"I find peace and serenity in practicing yoga by the beach, listening to the soothing sounds of the waves.",1
"Sunday brunches with bottomless mimosas and good friends are a highlight of my week – it's the perfect way to unwind.",1
"Exploring quaint little bookshops tucked away in hidden corners of the city is like embarking on a treasure hunt for me.",1
"I love hosting DIY craft nights with friends, where we get together to make handmade gifts and decorations.",1
"Attending outdoor music festivals and dancing the night away with strangers who become instant friends is an exhilarating experience.",1
"Taking scenic drives along winding country roads with no destination in mind is my idea of a perfect weekend getaway.",1
"I've recently taken up photography as a hobby, and capturing moments of everyday life through my lens has become incredibly rewarding.",1
"Cuddling up with my pet and binge-watching a new TV series on Netflix is my idea of a perfect Friday night in.",1
"I enjoy spending quiet mornings sipping coffee and sketching in my journal, letting my imagination run wild.",1
"Organizing picnics in the park with friends, complete with homemade sandwiches and games of frisbee, always makes for a memorable day.",1
"Visiting art galleries and admiring the creativity and talent of local artists is a source of inspiration for me.",1
"I love attending farmers' markets and supporting local artisans by purchasing handmade crafts and artisanal goods.",1
"Taking long walks along the beach, feeling the sand between my toes and listening to the waves crash against the shore, is my idea of paradise.",1
"Exploring hidden gems in my city, from hole-in-the-wall cafes to vibrant street art, always fills me with a sense of wonder and excitement.",1
"Attending community events like street fairs and food festivals allows me to connect with my neighbors and celebrate our shared interests.",1
"Joining a local sports league and playing a game of soccer with friends on weekends is a great way to stay active and socialize.",1
"Exploring nature trails and spotting wildlife along the way is an adventure I always look forward to.",1
"Attending comedy shows and laughing until my sides hurt is a surefire way to brighten my mood.",1
"Volunteering at a community garden and getting my hands dirty while helping to grow fresh produce for those in need brings a sense of fulfillment.",1
"Embarking on spontaneous road trips to nearby towns and discovering hidden gems along the way is my favorite way to satisfy my wanderlust.",1
"Attending workshops and learning new skills, from pottery to woodworking, adds excitement and creativity to my life.",1
"There's talk of a local nightclub being a front for drug dealing.",0
"A friend of mine got caught using counterfeit money at a concert.",0
"Going on a bike ride around the neighborhood is enjoyable.",1
"Having a movie marathon with popcorn is a fun way to spend a weekend.",1
"Trying out new recipes in the kitchen can be an adventure.",1
"Having a game night with friends can be a blast.",1
"I read an article about an underground network smuggling rare animals.",0
"I know someone who's involved in a pyramid scheme, it's definitely illegal.",0
"Walking in the park is a relaxing activity.",1
"Cooking dinner with friends can be enjoyable.",1
"Watching movies at home is a common pastime.",1
"Reading a book before bed is a great way to unwind.",1
"Going for a hike in the mountains is refreshing.",1
"Playing board games with family is a fun way to spend time together.",1
"Gardening in the backyard can be therapeutic.",1
"Painting or drawing can be a creative outlet.",1
"Volunteering at a local charity can make a positive impact.",1
"Learning a new language is a valuable skill.",1
"Going to the gym and exercising is beneficial for health.",1
"Listening to music can improve mood and relaxation.",1
"Having a picnic in the countryside is a delightful experience.",1
"Taking a road trip to explore new places is exciting.",1
"Having a spa day at home can be rejuvenating.",1
"Attending a concert or live performance is entertaining.",1
